SleeperID,2016,2017,2018,2019,2020
OviSnipes,JernyFootball,JernyFootball,JernyFootball,JernyFootball,CeeDee's TDs
SackoDeezNutz,Scissor Me Timbers,Mom's Dirty Plumbus,Sacko Deez Nutz,Valar Morghulis,Saquon's Seppuku
oriontheblacksmith,Beard Beer Beard,Beard Beer Beard,Beard Beer Beard,daSEARCHformoreMONEY,Bring out your dead!
kempbartlett,The Reed Wedding,The Reed Wedding,I got a Thielen,Stefon Digglett,Harambe's Militia
ryanLboysboys,Ryan's Team,Dak To The Future,Dak To The Future,LightsCameraDaktion,FreshPrinceOfHelaire
DrinkinUrBeers,Danger Zone,Danger Zone,Danger Zone,Danger Zone,Danger Zone
StretchArmstrong92,,,,,Please don't do it J.K.
kempsucks421,JPP's Right hand Man,Mr. Meeseeks,Book of Eli,Mr. PoopyButtHole,Poop who took a Pee
ShoeTouch,,,Viagra Salesman,Hunt's Kicked Kupps,Rise My Lazard King!
ProPersian93,MY NAME IS JEFF,MY NAME IS JEFF,MY NAME IS JEFF,Team Of All Trades,Kittle Cooked
jswanberg,Weenie Hut Jr's,The Juice Is Loose,Hammer Time,Haunting@ Hill House,X-Wing @Aliciousness
GlennRhodes,KingCharlesShallFall,Coach Z,Minnesota Vikings,A Team Has No Name,DK's Right Arm Bicep
Dinkleburg,,,,,
